filename,mourning,administrative_neutral,trafficking_enforcement,monetary_valuation,dominant_category,total_hits
IOR_R_15_1_208_0029_7r,0,1,12,3,trafficking_enforcement,16
IOR_R_15_1_208_0031_8r,0,0,11,0,trafficking_enforcement,11
IOR_R_15_1_208_0033_9r,0,2,5,0,trafficking_enforcement,7
IOR_R_15_1_208_0034_9v,0,1,2,0,trafficking_enforcement,3
IOR_R_15_1_208_0035_10r,0,2,4,0,trafficking_enforcement,6
IOR_R_15_1_212_0028_11r,0,0,8,2,trafficking_enforcement,10
IOR_R_15_1_212_0030_12r,0,0,1,2,monetary_valuation,3
IOR_R_15_1_212_0048_21r,0,0,4,5,monetary_valuation,9
IOR_R_15_1_212_0068_31r,0,1,1,0,administrative_neutral,2
IOR_R_15_1_212_0070_32r,0,0,5,7,monetary_valuation,12
IOR_R_15_1_212_0072_33r,0,0,2,13,monetary_valuation,15
IOR_R_15_1_212_0074_34r,0,5,1,1,administrative_neutral,7
IOR_R_15_1_212_0076_35r,0,3,3,3,administrative_neutral,9
IOR_R_15_1_212_0080_37r,0,1,0,0,administrative_neutral,1
IOR_R_15_1_212_0082_38r,0,0,3,0,trafficking_enforcement,3
IOR_R_15_1_212_0084_39r,0,3,3,1,administrative_neutral,7
IOR_R_15_1_212_0086_40r,0,5,2,0,administrative_neutral,7
IOR_R_15_1_212_0088_41r,0,1,0,0,administrative_neutral,1
IOR_R_15_1_212_0090_42r,0,2,1,1,administrative_neutral,4
IOR_R_15_1_212_0092_43r,0,1,4,4,trafficking_enforcement,9
IOR_R_15_1_212_0094_44r,0,0,2,3,monetary_valuation,5
IOR_R_15_1_212_0096_45r,0,2,2,0,administrative_neutral,4
IOR_R_15_1_212_0111_52v,0,0,5,3,trafficking_enforcement,8
IOR_R_15_1_212_0143_68v,0,0,2,2,trafficking_enforcement,4
IOR_R_15_1_212_0151_72v,0,0,11,0,trafficking_enforcement,11
IOR_R_15_1_212_0153_73v,0,1,7,0,trafficking_enforcement,8
IOR_R_15_1_212_0155_74v,0,1,2,1,trafficking_enforcement,4
IOR_R_15_1_212_0157_75v,0,0,1,1,trafficking_enforcement,2
IOR_R_15_1_212_0159_76v,0,0,4,0,trafficking_enforcement,4
IOR_R_15_1_212_0161_77v,0,0,0,7,monetary_valuation,7
IOR_R_15_1_212_0163_78v,0,2,3,2,trafficking_enforcement,7
IOR_R_15_1_212_0165_79v,0,2,0,0,administrative_neutral,2
IOR_R_15_1_212_0173_83v,0,0,5,0,trafficking_enforcement,5
IOR_R_15_1_212_0175_84v,0,0,9,3,trafficking_enforcement,12
IOR_R_15_1_212_0201_97v,0,0,9,2,trafficking_enforcement,11
IOR_R_15_1_212_0245_119v,0,1,1,1,administrative_neutral,3
IOR_R_15_1_212_0247_120v,0,3,3,7,monetary_valuation,13
IOR_R_15_1_212_0249_121v,0,2,0,0,administrative_neutral,2
IOR_R_15_1_212_0311_152v,0,0,0,1,monetary_valuation,1
IOR_R_15_1_212_0415_back-i,0,0,0,0,none,0
IOR_R_15_1_753_0061_31r,0,1,0,0,administrative_neutral,1
IOR_R_15_1_753_0091_46r,0,0,0,0,none,0
IOR_R_15_1_753_0093_47r,0,0,0,0,none,0
IOR_R_15_1_753_0094_47v,0,0,0,0,none,0
IOR_R_15_1_753_0095_48r,0,0,3,0,trafficking_enforcement,3
IOR_R_15_1_753_0229_112r,0,1,0,0,administrative_neutral,1
IOR_R_15_1_753_0231_113r,0,0,1,0,trafficking_enforcement,1
IOR_R_15_1_753_0233_114r,0,1,0,0,administrative_neutral,1
IOR_R_15_1_753_0237_116r,2,0,0,0,mourning,2
IOR_R_15_1_753_0238_116v,0,0,0,0,none,0
IOR_R_15_1_753_0241_118r,2,0,0,0,mourning,2
IOR_R_15_1_753_0297_144r,0,1,0,0,administrative_neutral,1
IOR_R_15_1_753_0345_167r,0,2,0,0,administrative_neutral,2
IOR_R_15_1_753_0435_211r,0,1,1,0,administrative_neutral,2
IOR_R_15_1_753_0436_211v,0,0,0,0,none,0
IOR_R_15_1_753_0493_240r,0,2,0,1,administrative_neutral,3
IOR_R_15_1_753_0495_241r,0,0,0,0,none,0
IOR_R_15_1_753_0517_252r,0,0,0,0,none,0
IOR_R_15_1_753_0518_252v,0,0,1,0,trafficking_enforcement,1
IOR_R_15_1_753_0561_274r,0,1,0,1,administrative_neutral,2
IOR_R_15_1_753_0563_275r,0,0,0,0,none,0
IOR_R_15_1_753_0565_276r,0,0,0,0,none,0
IOR_R_15_2_1050_0289_145r,0,0,0,2,monetary_valuation,2
IOR_R_15_2_1050_0291_146r,0,2,0,0,administrative_neutral,2
IOR_R_15_2_1050_0293_147r,0,1,1,0,administrative_neutral,2
IOR_R_15_2_1050_0295_148r,0,2,0,0,administrative_neutral,2
IOR_R_15_2_1293_0007_4r,0,2,0,0,administrative_neutral,2
IOR_R_15_2_1293_0021_11r,0,0,1,0,trafficking_enforcement,1
IOR_R_15_2_1293_0035_18r,0,1,1,0,administrative_neutral,2
IOR_R_15_2_1293_0041_21r,0,2,1,0,administrative_neutral,3
IOR_R_15_2_1293_0051_26r,0,1,0,0,administrative_neutral,1
IOR_R_15_2_1293_0107_54r,0,1,0,0,administrative_neutral,1
IOR_R_15_2_1293_0121_61r,0,1,0,0,administrative_neutral,1
IOR_R_15_2_1367_0003_2r,0,1,0,0,administrative_neutral,1
IOR_R_15_2_1367_0005_3r,0,1,5,0,trafficking_enforcement,6
IOR_R_15_2_1367_0007_4r,0,0,1,0,trafficking_enforcement,1
IOR_R_15_2_1367_0009_5r,0,1,2,0,trafficking_enforcement,3
IOR_R_15_2_1367_0011_6r,0,1,2,0,trafficking_enforcement,3
IOR_R_15_2_1367_0013_7r,0,1,3,0,trafficking_enforcement,4
IOR_R_15_2_1585_0015_8r,0,0,0,0,none,0
IOR_R_15_2_1585_0021_11r,0,0,0,0,none,0
IOR_R_15_2_1585_0043_22r,0,0,2,0,trafficking_enforcement,2
IOR_R_15_2_1585_0045_23r,0,1,1,0,administrative_neutral,2
IOR_R_15_2_1668_0007_4r,1,0,0,0,mourning,1
IOR_R_15_2_1668_0009_5r,0,0,0,0,none,0
IOR_R_15_2_1668_0019_10r,0,0,0,0,none,0
IOR_R_15_2_1668_0021_11r,2,1,0,0,mourning,3
IOR_R_15_2_1733_0003_1r,1,1,2,3,monetary_valuation,7
IOR_R_15_2_1733_0027_13r,1,1,1,2,monetary_valuation,5
IOR_R_15_2_1733_0029_14r,0,1,0,2,monetary_valuation,3
IOR_R_15_2_1733_0031_15r,0,0,1,2,monetary_valuation,3
IOR_R_15_2_1733_0033_16r,0,0,0,0,none,0
IOR_R_15_2_1733_0035_17r,0,0,1,2,monetary_valuation,3
IOR_R_15_2_1733_0039_19r,1,1,1,2,monetary_valuation,5
IOR_R_15_2_1733_0055_27r,0,1,0,0,administrative_neutral,1
IOR_R_15_2_1733_0077_38r,0,0,0,0,none,0
IOR_R_15_2_1733_0115_57r,0,0,0,0,none,0
IOR_R_15_2_1733_0117_58r,1,0,0,0,mourning,1
IOR_R_15_2_1733_0121_60r,0,2,0,0,administrative_neutral,2
IOR_R_15_2_1733_0123_61r,1,0,1,2,monetary_valuation,4
IOR_R_15_2_1733_0131_65r,0,0,0,0,none,0
IOR_R_15_2_56_0060_23r,2,0,0,0,mourning,2
IOR_R_15_2_56_0062_24r,5,0,0,2,mourning,7
IOR_R_15_5_19_0015_8r,0,1,0,0,administrative_neutral,1
IOR_R_15_5_19_0017_9r,0,1,0,0,administrative_neutral,1
IOR_R_15_5_19_0061_31r,0,0,0,0,none,0
IOR_R_15_5_19_0063_32r,0,0,0,0,none,0
IOR_R_15_5_19_0075_38r,0,0,0,0,none,0
IOR_R_15_5_19_0119_60r,1,0,0,0,mourning,1
IOR_R_15_5_19_0121_61r,0,0,0,0,none,0
